metric,value
non_null_rows,25020.0
null_rows,0.0
min,43.28
p50,380.09
p90,3847.18
p95,9687.023499999994
p99,23313.89910000001
max,40391.6
mean,1908.2866087130296
